customer_segment,total_revenue,total_conversions,total_leads,total_clicks,total_impressions,avg_engagement,frequency,CLV_simple,AOV,CLV_aov,RRetention_Rate,Retention_Rate,CLV_discounted
College Students,17243247161,34514710,62709941,156515038,1846615515,13.744321414725793,33533,17243247161,499.59125141135473,16752793.433576958,0.993095827055793,0.95,106101025.07932064
Premium Shoppers,16893770924,33860455,61652349,154317199,1816599987,13.75097003416891,33071,16893770924,498.92332882118683,16499893.40744547,0.993576222997172,0.95,104499324.91382122
Tier 2 City Customers,17072782747,34121667,62071390,155207854,1821914432,13.770992414856002,33091,17072782747,500.35019528793833,16557088.312273167,0.9950229399436171,0.95,104861559.31106329
Working Women,17215043588,34482679,62814408,157418232,1840888557,13.839874300421991,33413,17215043588,499.23741679119536,16681019.80724421,1.0,0.95,105646458.77921322
Youth,17225401651,34533588,62667823,156928464,1850698756,13.725450427630598,33557,17225401651,498.80138869439224,16738278.20041772,0.9917323040435487,0.95,106009095.26931213
